{
  "__type__": "cc.SpriteFrame",
  "content": {
    "name": "EndingPicture",
    "atlas": "",
    "rect": {
      "x": 992,
      "y": 589,
      "width": 2833,
      "height": 1679
    },
    "offset": {
      "x": -91.5,
      "y": 71.5
    },
    "originalSize": {
      "width": 5000,
      "height": 3000
    },
    "rotated": false,
    "capInsets": [
      0,
      0,
      0,
      0
    ],
    "vertices": {
      "rawPosition": [
        -1416.5,
        -839.5,
        0,
        1416.5,
        -839.5,
        0,
        -1416.5,
        839.5,
        0,
        1416.5,
        839.5,
        0
      ],
      "indexes": [
        0,
        1,
        2,
        2,
        1,
        3
      ],
      "uv": [
        992,
        2411,
        3825,
        2411,
        992,
        732,
        3825,
        732
      ],
      "nuv": [
        0.1984,
        0.244,
        0.765,
        0.244,
        0.1984,
        0.8036666666666666,
        0.765,
        0.8036666666666666
      ],
      "minPos": {
        "x": -1416.5,
        "y": -839.5,
        "z": 0
      },
      "maxPos": {
        "x": 1416.5,
        "y": 839.5,
        "z": 0
      }
    },
    "texture": "6cd29c7c-f4a8-410f-958e-eefc9c9a6e6e@6c48a",
    "packable": true,
    "pixelsToUnit": 100,
    "pivot": {
      "x": 0.5,
      "y": 0.5
    },
    "meshType": 0
  }
}